timestep,v,omega,controller,solve_time_ms
0,0.9427108398244998,-0.004063470113235823,HYBRID(w=0.40),87.71770000021206
1,1.0573805326764072,-0.00507255489149389,HYBRID(w=0.80),0.0
2,1.0318275029260413,-0.005749156710248134,HYBRID(w=0.86),0.0
3,1.0400208800324713,-0.007024432896457593,HYBRID(w=0.87),0.0
4,1.0473037705989123,-0.008396823931596015,HYBRID(w=0.87),0.0
5,1.8913945922943591,-0.05621912350889474,HYBRID(w=0.88),67.78009999834467
6,1.8794622687603,-0.056864282619526085,HYBRID(w=0.88),0.0
7,1.8697535397367988,-0.057575284239044906,HYBRID(w=0.89),0.0
8,1.8623417677369658,-0.05830623329755902,HYBRID(w=0.90),0.0
9,1.8572514967404687,-0.05901092687211082,HYBRID(w=0.91),0.0
10,1.2887145610812392,-0.09408615173830738,HYBRID(w=0.92),76.70409999991534
11,1.2898977356540773,-0.09452387768651213,HYBRID(w=0.93),0.0
12,1.2907213379013753,-0.09497272460685421,HYBRID(w=0.94),0.0
13,1.2912317445764034,-0.0954094773732188,HYBRID(w=0.94),0.0
14,1.2914778065381685,-0.0958146349739197,HYBRID(w=0.95),0.0
15,1.3978662589094728,-0.13674028467204172,HYBRID(w=0.96),64.89249999867752
16,1.3974900555844552,-0.13697687950658377,HYBRID(w=0.96),0.0
17,1.3971868603666944,-0.13719940253700794,HYBRID(w=0.97),0.0
18,1.396956413828986,-0.13739550219066526,HYBRID(w=0.97),0.0
19,1.3967949649311147,-0.13755744064604591,HYBRID(w=0.98),0.0
20,1.3176551054410572,-0.18190987259912308,HYBRID(w=0.98),120.44210000021849
21,1.3176097802027074,-0.18201010147014476,HYBRID(w=0.98),0.0
22,1.3175530101578121,-0.18209903026359148,HYBRID(w=0.99),0.0
23,1.3174938835944086,-0.18217540515098818,HYBRID(w=0.99),0.0
24,1.3174328254803978,-0.18225394869911066,HYBRID(w=0.99),0.0
25,1.0004182252999407,-0.22547660914976542,HYBRID(w=0.99),60.287799999059644
26,1.0006206004222982,-0.225530374301819,HYBRID(w=0.99),0.0
27,1.0007721577099888,-0.22558800353851974,HYBRID(w=0.99),0.0
28,1.0008881321451066,-0.22564934563266467,HYBRID(w=0.99),0.0
29,1.000980499955974,-0.22571470033446775,HYBRID(w=0.99),0.0
30,1.2854178558964582,-0.2635424507783263,HYBRID(w=0.99),87.15900000242982
31,1.2852418537981871,-0.2635912380269674,HYBRID(w=0.99),0.0
32,1.2850891999256913,-0.2636500048384805,HYBRID(w=1.00),0.0
33,1.2849539032183035,-0.26372090910773927,HYBRID(w=1.00),0.0
34,1.284830337304499,-0.263807146049451,HYBRID(w=1.00),0.0
35,1.2306956376419587,-0.32618300985783616,HYBRID(w=1.00),77.39099999889731
36,1.2306315172552136,-0.3262527996885884,HYBRID(w=1.00),0.0
37,1.230567576963012,-0.32634459316718417,HYBRID(w=1.00),0.0
38,1.2304996098275738,-0.3264645103208136,HYBRID(w=1.00),0.0
39,1.2304222959863547,-0.32662098331555733,HYBRID(w=0.99),0.0
40,1.171205514597581,-0.39866394469884353,HYBRID(w=0.99),69.05650000044261
41,1.1711832078640525,-0.3988082929771318,HYBRID(w=0.99),0.0
42,1.1711450528033953,-0.39900400438828043,HYBRID(w=0.99),0.0
43,1.171082749686397,-0.399267564716159,HYBRID(w=0.99),0.0
44,1.1709849422104828,-0.3996211902421216,HYBRID(w=0.99),0.0
45,1.1078666993627961,-0.48368569818251944,HYBRID(w=0.99),80.88270000007469
46,1.107844634773303,-0.4840386632246806,HYBRID(w=0.99),0.0
47,1.1077770251961412,-0.48451873390934536,HYBRID(w=0.99),0.0
48,1.1076443341621982,-0.4851677325817315,HYBRID(w=0.99),0.0
49,1.1074203830936216,-0.48604098936085416,HYBRID(w=0.99),0.0
50,1.0418882027575234,-0.5846440221364452,HYBRID(w=0.98),82.64449999842327
51,1.0417785367604275,-0.5855109313301707,HYBRID(w=0.98),0.0
52,1.0415546098843669,-0.5866427722143756,HYBRID(w=0.98),0.0
53,1.041183547447566,-0.5881007265072682,HYBRID(w=0.98),0.0
54,1.0406290903448574,-0.5899524910380622,HYBRID(w=0.97),0.0
55,0.9744299648257154,-0.7051781598461017,HYBRID(w=0.97),191.39410000207135
56,0.9740762675154916,-0.7068500182421924,HYBRID(w=0.97),0.0
57,0.9735404561327702,-0.7089206525010335,HYBRID(w=0.96),0.0
58,0.9727952272791016,-0.7114422396801484,HYBRID(w=0.96),0.0
59,0.9718179216990264,-0.7144590754981498,HYBRID(w=0.96),0.0
60,0.906949833561586,-0.8472399191974718,HYBRID(w=0.95),255.187400001887
61,0.9063385296186651,-0.8496366484953626,HYBRID(w=0.95),0.0
62,0.9055401102738445,-0.8524261172088009,HYBRID(w=0.95),0.0
63,0.9045552573043191,-0.8556035263956376,HYBRID(w=0.95),0.0
64,0.9033951725730552,-0.8591417131617975,HYBRID(w=0.95),0.0
65,0.8419780329072962,-1.0082945332237108,HYBRID(w=0.94),273.8978999987012
66,0.8413475213746495,-1.0106448564799835,HYBRID(w=0.94),0.0
67,0.840603452172857,-1.0131893287453189,HYBRID(w=0.94),0.0
68,0.8397473133958111,-1.0160974421427411,HYBRID(w=0.94),0.0
69,0.8387271732915708,-1.0198702495269567,HYBRID(w=0.94),0.0
70,0.7828655442489797,-1.1816784317544082,HYBRID(w=0.94),211.01130000170087
71,0.782379595739774,-1.1844389265917457,HYBRID(w=0.94),0.0
72,0.7817841395420448,-1.1876402023160455,HYBRID(w=0.94),0.0
73,0.7810824243228118,-1.1912944943373267,HYBRID(w=0.94),0.0
74,0.780278695659879,-1.1954106424450959,HYBRID(w=0.94),0.0
75,0.732619306711712,-1.3575737039303541,HYBRID(w=0.93),212.32769999915035
76,0.7323691532908708,-1.3604095205029183,HYBRID(w=0.93),0.0
77,0.7320474402767454,-1.3636028439648322,HYBRID(w=0.93),0.0
78,0.7316607312452155,-1.3671413525724496,HYBRID(w=0.93),0.0
79,0.7312164476322198,-1.371007573297086,HYBRID(w=0.93),0.0
80,0.6942659033880663,-1.5126242698721861,HYBRID(w=0.93),216.3669999972626
81,0.6943505306365197,-1.5150150407747232,HYBRID(w=0.93),0.0
82,0.6944092765876417,-1.5175658673242873,HYBRID(w=0.93),0.0
83,0.6944503866789055,-1.5202380038519068,HYBRID(w=0.93),0.0
84,0.6944825399890474,-1.5229885164018984,HYBRID(w=0.92),0.0
85,0.6702732961868626,-1.6178774744869626,HYBRID(w=0.92),237.05120000158786
86,0.6707503525528846,-1.6191851741685868,HYBRID(w=0.92),0.0
87,0.671246479705548,-1.62037298950105,HYBRID(w=0.92),0.0
88,0.6717695201707972,-1.6213885495467002,HYBRID(w=0.92),0.0
89,0.672327250492328,-1.6221791607705385,HYBRID(w=0.92),0.0
90,0.6619460381290411,-1.6488067387067193,HYBRID(w=0.92),201.90910000019358
91,0.6628026880398878,-1.648552102170284,HYBRID(w=0.92),0.0
92,0.6637153740441923,-1.647906451009072,HYBRID(w=0.92),0.0
93,0.6646901678311861,-1.6468247307588793,HYBRID(w=0.92),0.0
94,0.6657327337512944,-1.6452654503254152,HYBRID(w=0.91),0.0
95,0.6689824917171598,-1.5984419044331153,HYBRID(w=0.91),236.05269999825396
96,0.670133908611078,-1.5965699339500983,HYBRID(w=0.91),0.0
97,0.6713683443211883,-1.594135665005476,HYBRID(w=0.91),0.0
98,0.6726899327589587,-1.5911144569754816,HYBRID(w=0.91),0.0
99,0.6741022482735785,-1.5874864187816347,HYBRID(w=0.91),0.0
100,0.6895129565865858,-1.481728685065142,HYBRID(w=0.91),169.32599999927334
101,0.6908328952598132,-1.4786213818240492,HYBRID(w=0.91),0.0
102,0.69225537590934,-1.47490637974005,HYBRID(w=0.91),0.0
103,0.6937830102836027,-1.470578130104914,HYBRID(w=0.91),0.0
104,0.6954177847337455,-1.4656347304262964,HYBRID(w=0.91),0.0
105,0.7206088627348289,-1.3267665856360829,HYBRID(w=0.91),270.286799997848
106,0.721970678265653,-1.3230067430929795,HYBRID(w=0.91),0.0
107,0.7234500497259794,-1.31868407251126,HYBRID(w=0.90),0.0
108,0.7250483429858406,-1.3138035866689892,HYBRID(w=0.90),0.0
109,0.7267662694410271,-1.308372380275354,HYBRID(w=0.90),0.0
110,0.7589470046791001,-1.1613999038831957,HYBRID(w=0.90),225.19789999932982
111,0.7602508669890663,-1.1575141113953595,HYBRID(w=0.90),0.0
112,0.7616837456530953,-1.1531502744646154,HYBRID(w=0.90),0.0
113,0.7632457747095992,-1.1483165423951405,HYBRID(w=0.90),0.0
114,0.7649364542248592,-1.1430220859922555,HYBRID(w=0.90),0.0
115,0.801321980751867,-1.0051155637284959,HYBRID(w=0.90),201.0405000000901
116,0.8025020660514816,-1.0014537723961667,HYBRID(w=0.90),0.0
117,0.8038184238610483,-0.9974043688473166,HYBRID(w=0.90),0.0
118,0.805269907770568,-0.9929748553254316,HYBRID(w=0.90),0.0
119,0.806854811519309,-0.9881732350253047,HYBRID(w=0.90),0.0
120,0.8449107605914375,-0.8680450687864927,HYBRID(w=0.90),153.59630000239122
121,0.8459296422230236,-0.8647844597022118,HYBRID(w=0.90),0.0
122,0.8470867649021765,-0.8612173361814537,HYBRID(w=0.90),0.0
123,0.8483797236270945,-0.8573494702886889,HYBRID(w=0.90),0.0
124,0.8498056576089311,-0.853186932666366,HYBRID(w=0.90),0.0
125,0.8873471542514182,-0.7535675074993533,HYBRID(w=0.89),202.52160000018193
126,0.8881857998522524,-0.7507668835957828,HYBRID(w=0.89),0.0
127,0.8891584924604652,-0.7477283413626236,HYBRID(w=0.89),0.0
128,0.8902616560098476,-0.7444561716671919,HYBRID(w=0.89),0.0
129,0.8914913601856079,-0.7409549152085434,HYBRID(w=0.89),0.0
130,0.9266963913037469,-0.6613136057590815,HYBRID(w=0.89),215.0164999984554
131,0.9273444562455296,-0.6589685914841085,HYBRID(w=0.89),0.0
132,0.9281156444966857,-0.6564438041071209,HYBRID(w=0.89),0.0
133,0.9290052993789182,-0.6537428071125311,HYBRID(w=0.89),0.0
134,0.9297752267174116,-0.6509814141229326,HYBRID(w=0.89),0.0
135,0.960142231842018,-0.5898089804530111,HYBRID(w=0.89),195.34039999780362
136,0.9595393671721494,-0.5884197246244256,HYBRID(w=0.89),0.0
137,0.9590542339187401,-0.5870025502235372,HYBRID(w=0.90),0.0
138,0.9586721406392539,-0.5855656602040478,HYBRID(w=0.90),0.0
139,0.9583795100267819,-0.5841167280935169,HYBRID(w=0.90),0.0
140,0.9843680456047357,-0.5383396283479066,HYBRID(w=0.90),239.27520000142977
141,0.9837218554839915,-0.5375763649897679,HYBRID(w=0.90),0.0
142,0.9831642952099136,-0.536801909612055,HYBRID(w=0.91),0.0
143,0.982683537613655,-0.5360218774625197,HYBRID(w=0.91),0.0
144,0.9822687328230787,-0.5352415063609939,HYBRID(w=0.91),0.0
145,1.0028503144239564,-0.503074196126851,HYBRID(w=0.91),196.20450000002165
146,1.0021850824854968,-0.5027462050988932,HYBRID(w=0.92),0.0
147,1.0015816742276313,-0.5024204519820227,HYBRID(w=0.92),0.0
148,1.0010226009097243,-0.5021072203383529,HYBRID(w=0.92),0.0
149,1.0004447394491682,-0.5018539847041126,HYBRID(w=0.92),0.0
150,-1.655847243018425,-0.7348229362980856,HYBRID(w=0.92),105.8221000021149
151,-1.6002317986145136,-0.7298283172377602,HYBRID(w=0.92),0.0
152,-1.5752214997230332,-0.7240919138720902,HYBRID(w=0.92),0.0
153,-1.5616253367673465,-0.7176503420051545,HYBRID(w=0.91),0.0
154,-1.54742147873724,-0.7104871198913123,HYBRID(w=0.91),0.0
155,1.9089807482990138,0.13684960398560714,HYBRID(w=0.91),193.11910000033095
156,1.9085100837184379,0.1313113697096464,HYBRID(w=0.91),0.0
157,1.9080079149187275,0.1259739034875876,HYBRID(w=0.92),0.0
158,1.9074915592348165,0.12093753675928386,HYBRID(w=0.92),0.0
159,1.906969322671983,0.11629622565286933,HYBRID(w=0.93),0.0
160,1.9069129547014547,-0.6865348733436576,HYBRID(w=0.93),158.06510000038543
161,1.9063409696906046,-0.6851086458469203,HYBRID(w=0.94),0.0
162,1.9057759772285794,-0.6842610372048586,HYBRID(w=0.94),0.0
163,1.905233071085348,-0.6839008175400425,HYBRID(w=0.95),0.0
164,1.9047243709577497,-0.6839262072817182,HYBRID(w=0.95),0.0
165,1.9042585015618125,-0.46667734815487044,HYBRID(w=0.96),218.91510000205017
166,1.8992253321150474,-0.46773578602096977,HYBRID(w=0.96),0.0
167,1.892102566127059,-0.4687624585157421,HYBRID(w=0.96),0.0
168,1.8855804439299721,-0.46947651943135005,HYBRID(w=0.97),0.0
169,1.8789828519149432,-0.47006270117618404,HYBRID(w=0.97),0.0
170,-0.04454135552141636,-0.491546022345671,HYBRID(w=0.97),224.9243000005663
171,-0.038326412337127365,-0.4921476739230355,HYBRID(w=0.97),0.0
172,-0.032485503289092256,-0.4926981908590772,HYBRID(w=0.97),0.0
173,-0.026999273907014204,-0.4932031456609035,HYBRID(w=0.97),0.0
174,-0.021849763279715002,-0.4936675296938471,HYBRID(w=0.97),0.0
175,-0.19857757416504918,-0.6230243394719239,HYBRID(w=0.97),268.1698999986111
176,-0.2005207160928793,-0.6228196575667254,HYBRID(w=0.97),0.0
177,-0.202326309557754,-0.6226003600270595,HYBRID(w=0.97),0.0
178,-0.20399698070199362,-0.6223662515153333,HYBRID(w=0.97),0.0
179,-0.2055353695827178,-0.6221167486308051,HYBRID(w=0.97),0.0
180,1.9026687102350965,-0.5860966106488336,HYBRID(w=0.97),279.02349999931175
181,1.9025820734539136,-0.5863074114930173,HYBRID(w=0.97),0.0
182,1.9025732461379334,-0.5864202800805575,HYBRID(w=0.97),0.0
183,1.9026415476131269,-0.5864534441350908,HYBRID(w=0.97),0.0
184,1.9027918322869208,-0.586438132703107,HYBRID(w=0.97),0.0
185,0.932345445871449,-0.6926196636660129,HYBRID(w=0.97),208.10870000059367
186,0.9334643114721755,-0.6923686938404908,HYBRID(w=0.97),0.0
187,0.9347906872598637,-0.6921793210921158,HYBRID(w=0.97),0.0
188,0.9363422617228658,-0.6920720179111433,HYBRID(w=0.97),0.0
189,0.9381286599128553,-0.692076686891881,HYBRID(w=0.96),0.0
190,0.9042856227842754,-0.7785135421583224,HYBRID(w=0.96),324.8267999988457
191,0.9058173681947222,-0.7781882585488457,HYBRID(w=0.96),0.0
192,0.9065580020085442,-0.7780466885426223,HYBRID(w=0.96),0.0
193,0.9071655241515413,-0.7781343350412449,HYBRID(w=0.96),0.0
194,0.9075801533697245,-0.7785058844860389,HYBRID(w=0.96),0.0
195,-1.57237136119579,-1.11039186864239,HYBRID(w=0.95),245.8717000008619
196,-1.5870778125700968,-1.1121483231942868,HYBRID(w=0.96),0.0
197,-1.6108169587593029,-1.1147897983085322,HYBRID(w=0.97),0.0
198,-1.628366470166471,-1.1166268246142632,HYBRID(w=0.97),0.0
199,-1.6404175181785516,-1.1175854144053845,HYBRID(w=0.97),0.0
200,0.7001043172033822,-1.0039576921678313,HYBRID(w=0.98),372.3926999991818
201,0.6993123605440006,-1.0035188444141736,HYBRID(w=0.98),0.0
202,0.6985937597408519,-1.0031705016328782,HYBRID(w=0.98),0.0
203,0.6979458669593536,-1.0029054010437375,HYBRID(w=0.98),0.0
204,0.6973664252392302,-1.0027171097851797,HYBRID(w=0.98),0.0
205,0.6552749616566487,-1.1484854759895513,HYBRID(w=0.98),246.52819999755593
206,0.6546549859270251,-1.1480371589673477,HYBRID(w=0.98),0.0
207,0.654084718815068,-1.147670977677819,HYBRID(w=0.98),0.0
208,0.6535631550989515,-1.1473794959296608,HYBRID(w=0.98),0.0
209,0.6530894769437089,-1.1471556081172467,HYBRID(w=0.98),0.0
210,0.6143152455458541,-1.2993769439814649,HYBRID(w=0.98),245.80229999992298
211,0.6137694812469462,-1.2989227017693645,HYBRID(w=0.98),0.0
212,0.6132575031584624,-1.2985398147017007,HYBRID(w=0.98),0.0
213,0.6127790575993407,-1.2982196301397086,HYBRID(w=0.98),0.0
214,0.6123339529170986,-1.2979535678924083,HYBRID(w=0.98),0.0
215,-1.8246354486240512,-1.659192763375491,HYBRID(w=0.98),171.99459999756073
216,-1.8308509582538195,-1.6602211417955273,HYBRID(w=0.98),0.0
217,-1.833329216528212,-1.6592296493778524,HYBRID(w=0.98),0.0
218,-1.8323586872410584,-1.6559933056569094,HYBRID(w=0.98),0.0
219,-1.8278083587817309,-1.6499761196895248,HYBRID(w=0.98),0.0
220,-0.35317906864956305,-1.7065302912063156,HYBRID(w=0.98),153.4090000022843
221,-0.3533298644338482,-1.7028326163088783,HYBRID(w=0.98),0.0
222,-0.3532467250072352,-1.6987313526601606,HYBRID(w=0.98),0.0
223,-0.35293695257119195,-1.694175747931796,HYBRID(w=0.98),0.0
224,-0.35206314094930663,-1.6885740230923802,HYBRID(w=0.98),0.0
225,1.900655866362955,-1.5617580364792356,HYBRID(w=0.98),167.98089999792865
226,1.9000561667864369,-1.58193615827273,HYBRID(w=0.99),0.0
227,1.8996574759857314,-1.5959385189060358,HYBRID(w=0.99),0.0
228,1.8993771585931902,-1.6062389617205795,HYBRID(w=0.99),0.0
229,1.8991810099225694,-1.6137295893641026,HYBRID(w=0.99),0.0
230,1.1282928008556639,-1.4672621993769295,HYBRID(w=1.00),218.1358999987424
231,1.1277193122919489,-1.4702011722166333,HYBRID(w=1.00),0.0
232,1.1272595661851545,-1.4725572459145546,HYBRID(w=1.00),0.0
233,1.1268944571478272,-1.4744283303827161,HYBRID(w=1.00),0.0
234,1.1266085327164004,-1.4758936152921964,HYBRID(w=1.00),0.0
235,-1.8894894351937235,-1.2298643521665138,HYBRID(w=1.00),246.1461999992025
236,-1.8887439508116832,-1.229053629354374,HYBRID(w=1.00),0.0
237,-1.8871380323482358,-1.2273071746141815,HYBRID(w=1.00),0.0
238,-1.8844029461696234,-1.2243327370383046,HYBRID(w=1.00),0.0
239,-1.8800893699745311,-1.2196416734727684,HYBRID(w=0.99),0.0
240,-1.8735081910931775,-1.4393089746020198,HYBRID(w=0.99),194.39670000065234
241,-1.8637660269225453,-1.4281437789444555,HYBRID(w=0.99),0.0
242,-1.8483007146090942,-1.4104194586742689,HYBRID(w=0.99),0.0
243,-1.8245657423707455,-1.3832175347150235,HYBRID(w=0.98),0.0
244,-1.7953410282193325,-1.3497239858667553,HYBRID(w=0.97),0.0
245,1.8929847458304727,-0.8666323762214914,HYBRID(w=0.96),185.77209999784827
246,1.8917970409603633,-0.9095460537135456,HYBRID(w=0.98),0.0
247,1.890845068660064,-0.9439423362451146,HYBRID(w=0.98),0.0
248,1.890143316542751,-0.9692977631694517,HYBRID(w=0.99),0.0
249,1.8897337565276595,-0.9840958218821783,HYBRID(w=0.99),0.0
250,1.888316954779611,-0.9346741736564969,HYBRID(w=1.00),146.41489999849
251,1.8881534676344973,-0.9404339436048744,HYBRID(w=1.00),0.0
252,1.8881449047411767,-0.9407356205078746,HYBRID(w=1.00),0.0
253,1.8881449047411767,-0.9407356205078746,HYBRID(w=1.00),0.0
254,1.8881449047411767,-0.9407356205078746,HYBRID(w=1.00),0.0
255,1.887488788999995,-0.6783172822656958,HYBRID(w=1.00),198.99319999967702
256,1.887488788999995,-0.6783172822656958,HYBRID(w=1.00),0.0
257,1.887488788999995,-0.6783172822656958,HYBRID(w=1.00),0.0
258,1.887488788999995,-0.6783172822656958,HYBRID(w=1.00),0.0
259,1.887488788999995,-0.6783172822656958,HYBRID(w=1.00),0.0
260,-1.8903570311064704,-0.40139932382770943,HYBRID(w=1.00),181.80779999966035
261,-1.8903570311064704,-0.40139932382770943,HYBRID(w=1.00),0.0
262,-1.8903570311064704,-0.40139932382770943,HYBRID(w=1.00),0.0
263,-1.8903570311064704,-0.40139932382770943,HYBRID(w=1.00),0.0
264,-1.8903570311064704,-0.40139932382770943,HYBRID(w=1.00),0.0
265,-1.89035677178582,-0.759712459604426,HYBRID(w=1.00),229.77969999919878
266,-1.89035677178582,-0.759712459604426,HYBRID(w=1.00),0.0
267,-1.89035677178582,-0.759712459604426,HYBRID(w=1.00),0.0
268,-1.89035677178582,-0.759712459604426,HYBRID(w=1.00),0.0
269,-1.89035677178582,-0.759712459604426,HYBRID(w=1.00),0.0
270,1.8879808011175265,-0.31545461843459116,HYBRID(w=1.00),241.13049999868963
271,1.8879669389115452,-0.315864900915643,HYBRID(w=1.00),0.0
272,1.8879669389115452,-0.315864900915643,HYBRID(w=1.00),0.0
273,1.8879669389115452,-0.315864900915643,HYBRID(w=1.00),0.0
274,1.8879669389115452,-0.315864900915643,HYBRID(w=1.00),0.0
275,1.8887543497331747,-0.3577965652063114,HYBRID(w=1.00),148.07239999936428
276,1.8887543497331747,-0.3577965652063114,HYBRID(w=1.00),0.0
277,1.8887543497331747,-0.3577965652063114,HYBRID(w=1.00),0.0
278,1.8887543497331747,-0.3577965652063114,HYBRID(w=1.00),0.0
279,1.8887543497331747,-0.3577965652063114,HYBRID(w=1.00),0.0
280,1.8897779351655248,-0.260787512331349,HYBRID(w=1.00),154.55610000208253
281,1.8897779351655248,-0.260787512331349,HYBRID(w=1.00),0.0
282,1.8898383912718295,-0.2589989909787607,HYBRID(w=1.00),0.0
283,1.8899757900811365,-0.25493421209560446,HYBRID(w=1.00),0.0
284,1.8901338956695324,-0.25025684800298376,HYBRID(w=0.99),0.0
285,1.8915204074474992,-1.3752266847895722,HYBRID(w=0.99),132.45070000266423
286,1.8916507369510795,-1.3699702019022046,HYBRID(w=0.99),0.0
287,1.89173885435775,-1.3664162281087302,HYBRID(w=0.99),0.0
288,1.8917546935964002,-1.365777395882514,HYBRID(w=0.99),0.0
289,1.8917058528156452,-1.3677472547493994,HYBRID(w=0.99),0.0
290,1.8929655024748417,1.332887643029598,HYBRID(w=0.99),175.83809999996447
291,1.8928870430145317,1.3316656002412586,HYBRID(w=0.99),0.0
292,1.892787930945153,1.3301218834078412,HYBRID(w=0.99),0.0
293,1.8926909314307239,1.3286110706057634,HYBRID(w=0.99),0.0
294,1.8926138383390714,1.327410309648291,HYBRID(w=1.00),0.0
295,1.894068628268896,0.8734424711046945,HYBRID(w=1.00),159.44579999995767
296,1.8940272080465468,0.872610965911794,HYBRID(w=1.00),0.0
297,1.8940080229177767,0.8722258271246508,HYBRID(w=1.00),0.0
298,1.8940081810579479,0.8722290017665574,HYBRID(w=1.00),0.0
299,1.8940275622179508,0.8726180758533831,HYBRID(w=1.00),0.0
300,-1.884205792083593,2.175164286240838,HYBRID(w=1.00),178.02810000284808
301,-1.8833638918856903,2.175343069082897,HYBRID(w=1.00),0.0
302,-1.881908656773059,2.1756520974807385,HYBRID(w=1.00),0.0
303,-1.8797255652129785,2.1761156908075465,HYBRID(w=0.99),0.0
304,-1.876637905049458,2.1767713750094533,HYBRID(w=0.99),0.0
305,0.44659182257197394,-0.23595772901342904,HYBRID(w=0.99),161.09380000125384
306,0.44635405926948135,-0.23645302188465012,HYBRID(w=0.99),0.0
307,0.4461394503546573,-0.2369000810586207,HYBRID(w=0.99),0.0
308,0.44594662136254404,-0.23730176973032574,HYBRID(w=0.99),0.0
309,0.44577434173736785,-0.23766065131260466,HYBRID(w=0.99),0.0
310,0.3987883503598881,-0.19056489630267523,HYBRID(w=0.99),136.42750000144588
311,0.39867693216550115,-0.19078690754016547,HYBRID(w=0.99),0.0
312,0.39857968241996017,-0.19098068680998728,HYBRID(w=0.99),0.0
313,0.3984960087746276,-0.19114741442254476,HYBRID(w=0.99),0.0
314,0.39842538355871165,-0.19128814181154793,HYBRID(w=0.99),0.0
315,0.33790146157262024,-0.1451580239901709,HYBRID(w=0.99),81.50629999727244
316,0.3378691931112115,-0.14521908499706981,HYBRID(w=0.99),0.0
317,0.3378450370584532,-0.14526479504458154,HYBRID(w=0.99),0.0
318,0.3378287511779691,-0.145295612512077,HYBRID(w=0.99),0.0
319,0.33782011895664504,-0.1453119471032788,HYBRID(w=0.99),0.0
320,0.26289235606662154,-0.09931170447945245,HYBRID(w=0.99),78.2307999979821
321,0.2629001981379557,-0.09929771281718663,HYBRID(w=0.99),0.0
322,0.2629112858250647,-0.09927793039405781,HYBRID(w=0.99),0.0
323,0.26292550637594686,-0.09925255837986678,HYBRID(w=0.99),0.0
324,0.2629427564822265,-0.0992217810952911,HYBRID(w=0.99),0.0
325,1.9006164565065948,-2.7227559419836744,HYBRID(w=0.99),67.99360000150045
326,1.9005907224129182,-2.724237776222251,HYBRID(w=0.99),0.0
327,1.9005809556169142,-2.724800173052764,HYBRID(w=0.99),0.0
328,1.9005867065988649,-2.7244690169581722,HYBRID(w=0.99),0.0
329,1.900608480918474,-2.7232151965313074,HYBRID(w=0.99),0.0
330,1.900646508319984,2.8424789857798802,HYBRID(w=0.99),62.91459999920335
331,1.9008706492488787,2.8428343523185973,HYBRID(w=0.99),0.0
332,1.9011699845691588,2.8433089365777415,HYBRID(w=0.99),0.0
333,1.9015541411677195,2.8439180016040577,HYBRID(w=0.98),0.0
334,1.902028146098714,2.844669517592203,HYBRID(w=0.98),0.0
335,1.902593649893107,2.8447812130609096,HYBRID(w=0.97),68.41519999943557
336,1.9032214739625826,2.8457816621113894,HYBRID(w=0.97),0.0
337,1.903869742598754,2.8468146899499933,HYBRID(w=0.96),0.0
338,1.904506069171384,2.84782868789358,HYBRID(w=0.95),0.0
339,1.905062004256475,2.8206553967035792,HYBRID(w=0.95),0.0
340,1.9054873921715891,2.777547543043279,HYBRID(w=0.95),78.7979999986419
341,1.905715774341675,2.7323425131494843,HYBRID(w=0.94),0.0
342,1.9057993027485567,2.687109331574258,HYBRID(w=0.94),0.0
343,1.906180618541764,2.6301405800605537,HYBRID(w=0.94),0.0
344,1.9065895352845357,2.566024803750799,HYBRID(w=0.93),0.0
345,1.9070175833150864,-2.0914325516605996,HYBRID(w=0.93),78.06089999940014
346,1.907481874758967,-2.0815488263890094,HYBRID(w=0.93),0.0
347,1.9079737481003558,-2.0694305117095397,HYBRID(w=0.92),0.0
348,1.908493701114491,-2.0547572128675493,HYBRID(w=0.92),0.0
349,1.909042185110111,-2.0371876247452794,HYBRID(w=0.91),0.0
350,1.9096191200706063,-2.318637316807883,HYBRID(w=0.90),72.02870000037365
351,1.9102257797972755,-2.2861668464873683,HYBRID(w=0.90),0.0
352,1.9108610472232637,-2.2487961005312327,HYBRID(w=0.89),0.0
353,1.9115247584593051,-2.2060968939994123,HYBRID(w=0.88),0.0
354,1.9122166723458998,-2.157652523431337,HYBRID(w=0.88),0.0
355,1.912936252431143,-1.4121679090682828,HYBRID(w=0.87),73.91449999704491
356,1.9136836029150943,-1.375180785932603,HYBRID(w=0.86),0.0
357,1.9144624857296972,-1.3336263711254517,HYBRID(w=0.86),0.0
358,1.9152732728026713,-1.2872211361102974,HYBRID(w=0.85),0.0
359,1.9161163094928395,-1.2357014951930756,HYBRID(w=0.84),0.0
360,1.916991677433331,-0.6998539706284103,HYBRID(w=0.83),66.63019999905373
361,1.9179001900481083,-0.6590268590330755,HYBRID(w=0.82),0.0
362,1.918846169485312,-0.6142179852972183,HYBRID(w=0.81),0.0
363,1.9198302335204525,-0.565267323494449,HYBRID(w=0.80),0.0
364,1.9208529533146044,-0.5120396171616337,HYBRID(w=0.79),0.0
365,1.921914810320893,0.7097441906257713,HYBRID(w=0.78),69.10159999824828
366,1.9230163457437872,0.7046657080934409,HYBRID(w=0.77),0.0
367,1.9241698292433276,0.699426802027286,HYBRID(w=0.76),0.0
368,1.9253750534844627,0.694190444389301,HYBRID(w=0.75),0.0
369,1.926631548889775,0.6891549308298468,HYBRID(w=0.73),0.0
370,1.9279385633954156,0.7140527401616167,HYBRID(w=0.72),82.748900000297
371,1.9292950448531978,0.7079786924672433,HYBRID(w=0.71),0.0
372,1.9306998774750834,0.7027917714266098,HYBRID(w=0.69),0.0
373,1.9321513308658584,0.6988375462821151,HYBRID(w=0.68),0.0
374,1.9336473410992459,0.6964907347222979,HYBRID(w=0.66),0.0
375,1.9336473410992256,0.8340031307322961,HYBRID(w=0.66),64.8652999989281
376,1.9336473410992256,0.8182252941642796,HYBRID(w=0.66),0.0
377,1.9336473410992256,0.8060818452361813,HYBRID(w=0.66),0.0
378,1.9336473410992256,0.7975948771569497,HYBRID(w=0.66),0.0
379,1.9336473410992256,0.7927794982142098,HYBRID(w=0.66),0.0
380,1.9336473410992026,0.9875572259600358,HYBRID(w=0.66),111.19259999759379
381,1.9336473410992026,0.9779205457041874,HYBRID(w=0.66),0.0
382,1.9336473410992026,0.9721784869493946,HYBRID(w=0.66),0.0
383,1.9336473410992026,0.9703264302128423,HYBRID(w=0.66),0.0
384,1.9336473410992026,0.9723466184687894,HYBRID(w=0.66),0.0
385,1.933647341099179,1.1798008466434022,HYBRID(w=0.66),59.89480000062031
386,1.933647341099179,1.1770111994882229,HYBRID(w=0.66),0.0
387,1.933647341099179,1.178166109386869,HYBRID(w=0.66),0.0
388,1.933647341099179,1.1831996985434308,HYBRID(w=0.66),0.0
389,1.9203473240516669,1.1920246779545556,HYBRID(w=0.66),0.0
390,1.8268738167925136,1.3736585888993167,HYBRID(w=0.66),55.7526999982656
391,1.739548423046162,1.378957994029166,HYBRID(w=0.66),0.0
392,1.6580055867235275,1.387328523806509,HYBRID(w=0.66),0.0
393,1.5819204242225444,1.398448334242467,HYBRID(w=0.66),0.0
394,1.5109965718730833,1.4119754962653064,HYBRID(w=0.66),0.0
395,0.5167397832571774,1.536385342722249,HYBRID(w=0.66),69.6219999990717
396,0.5229729657240887,1.5436297136227175,HYBRID(w=0.66),0.0
397,0.5285527627114419,1.5507752173266949,HYBRID(w=0.66),0.0
398,0.5335738757041586,1.5576375377020044,HYBRID(w=0.66),0.0
399,0.538124833281372,1.5640371009867704,HYBRID(w=0.66),0.0
400,0.6108294034382515,1.6074395411051434,HYBRID(w=0.66),56.19790000127978
401,0.6096880848513309,1.6103574595404722,HYBRID(w=0.66),0.0
402,0.6086790850115334,1.6125613720253904,HYBRID(w=0.66),0.0
403,0.6078439855219171,1.613890468062282,HYBRID(w=0.66),0.0
404,0.6072202246775831,1.6142001848527552,HYBRID(w=0.66),0.0
405,0.5985603348587597,1.597837274505208,HYBRID(w=0.66),51.50149999826681
406,0.5990580711683591,1.5966644935757222,HYBRID(w=0.66),0.0
407,0.5998095781792344,1.5940916598749129,HYBRID(w=0.66),0.0
408,0.6008385137583895,1.5900557967394058,HYBRID(w=0.66),0.0
409,0.6021642208451761,1.5845137344173659,HYBRID(w=0.66),0.0
410,0.6163218677125359,1.5111678080349518,HYBRID(w=0.66),78.68990000133635
411,0.6173701998679837,1.5066355303974888,HYBRID(w=0.66),0.0
412,0.6188194331985051,1.5004188647326897,HYBRID(w=0.66),0.0
413,0.6206704789898531,1.4925485381732317,HYBRID(w=0.66),0.0
414,0.6229209286341373,1.4830690643301208,HYBRID(w=0.66),0.0
415,0.6459389898611166,1.3725986671272339,HYBRID(w=0.66),72.87250000081258
416,0.6474841883980265,1.36621004227694,HYBRID(w=0.66),0.0
417,0.6495182010216831,1.3581754939484934,HYBRID(w=0.66),0.0
418,0.6520231528875837,1.3485810388553001,HYBRID(w=0.66),0.0
419,0.6549793226969749,1.3375179555344647,HYBRID(w=0.66),0.0
420,0.6849389570961435,1.213885689132803,HYBRID(w=0.66),62.62260000221431
421,0.6867953965626662,1.2070551679701957,HYBRID(w=0.66),0.0
422,0.6891826984779115,1.1987906882517056,HYBRID(w=0.66),0.0
423,0.6920693339631441,1.1891937036328215,HYBRID(w=0.66),0.0
424,0.6954234003874581,1.1783654312196175,HYBRID(w=0.66),0.0
425,0.7291370586871028,1.0595207340057098,HYBRID(w=0.66),55.9767999984615
426,0.7311482903500862,1.0531776098814822,HYBRID(w=0.66),0.0
427,0.7336953846862015,1.0456567691696277,HYBRID(w=0.66),0.0
428,0.7367381144918742,1.0370527389925395,HYBRID(w=0.66),0.0
429,0.7402370658127609,1.0274577369176876,HYBRID(w=0.66),0.0
430,0.7751787586776484,0.9226797487410991,HYBRID(w=0.66),66.00260000050184
431,0.7772136839785319,0.9172665147230972,HYBRID(w=0.66),0.0
432,0.779761818909503,0.9109130409020874,HYBRID(w=0.66),0.0
433,0.7827782307776099,0.9036994762774828,HYBRID(w=0.66),0.0
434,0.7862196354379837,0.8957034357228277,HYBRID(w=0.66),0.0
435,0.8204090033182416,0.807894798971474,HYBRID(w=0.66),59.59459999940009
436,0.8223631700263108,0.8035330402655876,HYBRID(w=0.66),0.0
437,0.8247874181813558,0.7984321728606549,HYBRID(w=0.66),0.0
438,0.8276351439258418,0.7926578717002575,HYBRID(w=0.66),0.0
439,0.8308619119455922,0.7862736710207526,HYBRID(w=0.66),0.0
440,0.8627918306507032,0.7150095919138997,HYBRID(w=0.66),61.49059999734163
441,0.864583314166097,0.7116575264929349,HYBRID(w=0.66),0.0
442,0.8667865246680461,0.7077331592227474,HYBRID(w=0.66),0.0
443,0.8693554741211695,0.7032899868307054,HYBRID(w=0.66),0.0
444,0.8722466110995009,0.6983798314087486,HYBRID(w=0.66),0.0
445,0.9007726766093876,0.6419617701766026,HYBRID(w=0.66),53.92859999847133
446,0.9023379066526467,0.6395151235318833,HYBRID(w=0.66),0.0
447,0.9042451788762953,0.6366361127963349,HYBRID(w=0.66),0.0
448,0.9064508679810009,0.633368633623406,HYBRID(w=0.66),0.0
449,0.908913860894485,0.6297552874580518,HYBRID(w=0.66),0.0
450,0.9331695938280908,0.5862593264630912,HYBRID(w=0.66),64.25440000020899
451,0.934459991967145,0.5846044458439391,HYBRID(w=0.66),0.0
452,0.9360144691869743,0.5826379178937187,HYBRID(w=0.66),0.0
453,0.937793121019554,0.5803962565828144,HYBRID(w=0.66),0.0
454,0.939758486139698,0.5779149637667109,HYBRID(w=0.66),0.0
455,0.9590975965065294,0.5456385104057022,HYBRID(w=0.66),79.09710000240011
456,0.9600771648083335,0.544676593155508,HYBRID(w=0.66),0.0
457,0.9612371242638296,0.5435110969563556,HYBRID(w=0.66),0.0
458,0.9625423606426592,0.5421729287877032,HYBRID(w=0.66),0.0
459,0.9639600257001819,0.5406921925602621,HYBRID(w=0.66),0.0
460,0.9779197753587061,0.5183096568831901,HYBRID(w=0.66),48.56540000037057
461,0.9785634764025044,0.51796615403052,HYBRID(w=0.66),0.0
462,0.9793004313926428,0.5175200301989747,HYBRID(w=0.66),0.0
463,0.9801011611365413,0.5169979855688212,HYBRID(w=0.66),0.0
464,0.9809381954783949,0.5164260810742128,HYBRID(w=0.66),0.0
465,0.9892173448474979,0.5030227055671583,HYBRID(w=0.66),56.631399998877896
466,0.9895100893219961,0.5032500781048614,HYBRID(w=0.66),0.0
467,0.9898076422998049,0.5034735228715895,HYBRID(w=0.66),0.0
468,0.9900868207315883,0.503716650779884,HYBRID(w=0.66),0.0
469,0.9903261365408638,0.5040025740673562,HYBRID(w=0.66),0.0
470,0.9927728903638258,0.49906679384959163,HYBRID(w=0.66),54.22379999799887
471,0.9927262972211669,0.4981482866071409,HYBRID(w=0.66),0.0
472,0.9925669538690303,0.5001088000918446,HYBRID(w=0.66),0.0
473,0.9923136138879675,0.502089786566262,HYBRID(w=0.66),0.0
474,0.9919549339663796,0.5041144582739578,HYBRID(w=0.67),0.0
475,0.9885308379926343,0.5084701041240371,HYBRID(w=0.67),64.83550000120886
476,0.9881212045055492,0.5105161660674039,HYBRID(w=0.68),0.0
477,0.9875634072412555,0.512673407930811,HYBRID(w=0.68),0.0
478,0.9868538005389871,0.5149591907142057,HYBRID(w=0.69),0.0
479,0.9859896920831324,0.5173898172170655,HYBRID(w=0.69),0.0
480,0.9766128796181053,0.5270278889386246,HYBRID(w=0.69),61.18050000077346
481,0.975930073003554,0.5294198613523114,HYBRID(w=0.70),0.0
482,0.9750426582286172,0.532019333020417,HYBRID(w=0.70),0.0
483,0.9739553348059932,0.5348385400761264,HYBRID(w=0.71),0.0
484,0.9726729824869833,0.5378891473580206,HYBRID(w=0.71),0.0
485,0.9573463798742772,0.5578665560968936,HYBRID(w=0.72),64.47050000133459
486,0.9564553651987293,0.5605998108770633,HYBRID(w=0.72),0.0
487,0.9553150732792837,0.5636381486927105,HYBRID(w=0.72),0.0
488,0.9539371998585737,0.5669895756297754,HYBRID(w=0.73),0.0
489,0.9523330492814732,0.5706618801126131,HYBRID(w=0.73),0.0
490,0.931358384573998,0.6026801902365726,HYBRID(w=0.73),52.73229999875184
491,0.9303223074279738,0.6057535018068103,HYBRID(w=0.74),0.0
492,0.9290051863636619,0.6092324096739108,HYBRID(w=0.74),0.0
493,0.9274243873196337,0.6131210808557574,HYBRID(w=0.75),0.0
494,0.9255965092072667,0.6174236648047203,HYBRID(w=0.75),0.0
495,0.8995213246945433,0.6633232429262188,HYBRID(w=0.75),59.46100000073784
496,0.8984012116448574,0.6667474041201147,HYBRID(w=0.76),0.0
497,0.8969821859104674,0.6706795472800088,HYBRID(w=0.76),0.0
498,0.8952860471231473,0.6751197384475593,HYBRID(w=0.76),0.0
499,0.8933336282983395,0.6800680197651703,HYBRID(w=0.77),0.0
500,0.862995399518284,0.7420234636353229,HYBRID(w=0.77),58.43350000213832
501,0.8618502132146791,0.745807281978926,HYBRID(w=0.77),0.0
502,0.8604031062981373,0.7501990737312272,HYBRID(w=0.78),0.0
503,0.8586791833348908,0.7551935353694699,HYBRID(w=0.78),0.0
504,0.8567025274087047,0.7607850422413147,HYBRID(w=0.78),0.0
505,0.8232785741846074,0.8409769361751523,HYBRID(w=0.79),63.46940000003087
506,0.822165633560841,0.8451066949864438,HYBRID(w=0.79),0.0
507,0.8207635284918149,0.8499319198225617,HYBRID(w=0.79),0.0
508,0.8190996202084004,0.8554392054960726,HYBRID(w=0.80),0.0
509,0.8172002953273074,0.8616141442900518,HYBRID(w=0.80),0.0
510,0.782267823301458,0.9614858825951207,HYBRID(w=0.80),68.19170000017039
511,0.7812430205163078,0.9658931276437015,HYBRID(w=0.80),0.0
512,0.7799582406788501,0.971051661315819,HYBRID(w=0.81),0.0
513,0.778442053102503,0.9769354626361316,HYBRID(w=0.81),0.0
514,0.7767221439366867,0.9835164419285497,HYBRID(w=0.81),0.0
515,0.7423170137914538,1.102281315967269,HYBRID(w=0.82),82.38039999923785
516,0.7414340997782214,1.1067981812119059,HYBRID(w=0.82),0.0
517,0.7403368156076515,1.112060279652403,HYBRID(w=0.82),0.0
518,0.7390537517747799,1.1180232696448997,HYBRID(w=0.82),0.0
519,0.7376126790072949,1.1246396276661599,HYBRID(w=0.83),0.0
520,0.7062547755048869,1.25679258504706,HYBRID(w=0.83),60.62670000028447
521,0.7055627351167447,1.2611064672988193,HYBRID(w=0.83),0.0
522,0.7047168523666749,1.2660610962894874,HYBRID(w=0.83),0.0
523,0.7037442426000449,1.2715898662088392,HYBRID(w=0.84),0.0
524,0.7026711600618485,1.277622815033252,HYBRID(w=0.84),0.0
525,0.6772894001852502,1.4098493670349972,HYBRID(w=0.84),85.97580000059679
526,0.6768269926419923,1.413496218023837,HYBRID(w=0.85),0.0
527,0.6762821333313206,1.417557584219959,HYBRID(w=0.85),0.0
528,0.6756785582013963,1.4219485826109735,HYBRID(w=0.85),0.0
529,0.6750389578417831,1.4265831454304805,HYBRID(w=0.85),0.0
530,0.6587003322028925,1.5361622459999544,HYBRID(w=0.86),54.396200001065154
531,0.6584879987536216,1.538623773830827,HYBRID(w=0.86),0.0
532,0.6582681649262857,1.5411759609278832,HYBRID(w=0.86),0.0
533,0.6580590659807966,1.543733151777644,HYBRID(w=0.86),0.0
534,0.6578776323428551,1.5462131898425815,HYBRID(w=0.87),0.0
535,0.6532656056927214,1.6050109519065223,HYBRID(w=0.87),60.35700000211364
536,0.6532977112159151,1.6059414453613605,HYBRID(w=0.87),0.0
537,0.6533912261877506,1.6066313082177848,HYBRID(w=0.87),0.0
538,0.6535571787760992,1.6070200983784932,HYBRID(w=0.88),0.0
539,0.6538051415969117,1.607055176929764,HYBRID(w=0.88),0.0
540,0.6625741489319248,1.5935031911969078,HYBRID(w=0.88),60.89599999904749
541,0.662817096291507,1.5929587570891384,HYBRID(w=0.88),0.0
542,0.6631755568114098,1.591948017388882,HYBRID(w=0.88),0.0
543,0.6636528250597437,1.5904519330433828,HYBRID(w=0.89),0.0
544,0.6642508667187629,1.5884594937814565,HYBRID(w=0.89),0.0
545,0.6866071035200725,1.501068588891218,HYBRID(w=0.89),60.14389999836567
546,0.6870067524306721,1.4995076372621974,HYBRID(w=0.89),0.0
547,0.6875567382495262,1.4974118738939304,HYBRID(w=0.90),0.0
548,0.6882534876210376,1.4947976935771856,HYBRID(w=0.90),0.0
549,0.6890925041435455,1.4916859698393163,HYBRID(w=0.90),0.0
550,0.7238866358757481,1.350862330147134,HYBRID(w=0.90),69.87350000053993
551,0.7243816332431348,1.3488835710073872,HYBRID(w=0.91),0.0
552,0.7250410989941951,1.3464262477756963,HYBRID(w=0.91),0.0
553,0.7258445544802848,1.3435617143078458,HYBRID(w=0.91),0.0
554,0.7267651289385147,1.340384271462482,HYBRID(w=0.91),0.0
555,0.772078525474104,1.175206990549085,HYBRID(w=0.92),64.68619999941438
556,0.7725848047562003,1.1733286378707284,HYBRID(w=0.92),0.0
557,0.7732089639978258,1.1712157541895158,HYBRID(w=0.93),0.0
558,0.7739146884908199,1.1689681973119412,HYBRID(w=0.93),0.0
559,0.7746659310983486,1.16668104993886,HYBRID(w=0.94),0.0
560,0.8286590050218574,0.999870340799735,HYBRID(w=0.94),112.48239999986254
561,0.8290598642683545,0.9985257537589217,HYBRID(w=0.95),0.0
562,0.8295139772480733,0.9971551851490912,HYBRID(w=0.95),0.0
563,0.8299876343879958,0.9958238998010286,HYBRID(w=0.96),0.0
564,0.8304529830920168,0.9945826130840916,HYBRID(w=0.96),0.0
565,0.890786253649105,0.8402925390015894,HYBRID(w=0.97),56.26109999866458
566,0.8910330689922252,0.8395458817534502,HYBRID(w=0.97),0.0
567,0.8912905049418464,0.8388494831587177,HYBRID(w=0.97),0.0
568,0.8915389362690902,0.8382262327616292,HYBRID(w=0.98),0.0
569,0.8917652517253115,0.8376884036630001,HYBRID(w=0.98),0.0
570,0.955775945364027,0.7020027962205105,HYBRID(w=0.98),54.272400000627385
571,0.9558974949799114,0.7016785059514743,HYBRID(w=0.99),0.0
572,0.9560249759918302,0.7013862113025306,HYBRID(w=0.99),0.0
573,0.9561564422568973,0.7011125041003132,HYBRID(w=0.99),0.0
574,0.9562910015814777,0.7008520270644742,HYBRID(w=0.99),0.0
575,0.19160228435520926,0.6041567468791896,HYBRID(w=0.99),69.16970000020228
576,0.19327528804048738,0.6039853413281004,HYBRID(w=0.99),0.0
577,0.1949745934201519,0.603764010936683,HYBRID(w=0.99),0.0
578,0.19671012798168336,0.603493874406754,HYBRID(w=0.99),0.0
579,0.19849207673378105,0.6031753575859209,HYBRID(w=0.99),0.0
580,0.5954439721808731,0.4838087345475119,HYBRID(w=0.99),60.63179999910062
581,0.5953284814397652,0.4836175079174947,HYBRID(w=0.99),0.0
582,0.5950611418852806,0.48340312924927203,HYBRID(w=0.99),0.0
583,0.5948780262463396,0.48316376887788004,HYBRID(w=0.99),0.0
584,0.5947751131493699,0.48289659499003856,HYBRID(w=0.99),0.0
585,0.7241947509253471,0.45983308574764203,HYBRID(w=0.99),62.17289999767672
586,0.7241958309608545,0.4595422955963432,HYBRID(w=0.99),0.0
587,0.7242881146599771,0.45921272656782797,HYBRID(w=0.99),0.0
588,0.7244725635781192,0.4588360241255537,HYBRID(w=0.99),0.0
589,0.7247520812468631,0.4584020885584618,HYBRID(w=0.99),0.0
590,-0.26162687373451454,0.33387343001383696,HYBRID(w=0.99),66.42879999708384
591,-0.2613437194737802,0.3336269561259542,HYBRID(w=0.99),0.0
592,-0.26105461251709067,0.33333726351873183,HYBRID(w=0.99),0.0
593,-0.2607595736026888,0.33300473346749593,HYBRID(w=0.99),0.0
594,-0.26045862214231347,0.33262972816004255,HYBRID(w=0.99),0.0
595,1.3854978801560416,0.44419565745963524,HYBRID(w=0.99),67.52269999924465
596,1.3858497823496452,0.4432580016797821,HYBRID(w=0.99),0.0
597,1.3863727754484398,0.4420621559792382,HYBRID(w=0.99),0.0
598,1.3870979839474542,0.44051493744972114,HYBRID(w=0.99),0.0
599,1.387989648099258,0.43858574569763253,HYBRID(w=0.99),0.0
600,-0.206635741660357,0.30236249182172614,HYBRID(w=0.98),64.66680000085034
601,-0.2066150644304751,0.30174196551112137,HYBRID(w=0.98),0.0
602,-0.20659875687278026,0.301084898468588,HYBRID(w=0.98),0.0
603,-0.20658700013124467,0.300394011464789,HYBRID(w=0.98),0.0
604,-0.2065799583221228,0.2996719906528331,HYBRID(w=0.98),0.0
605,0.971497838607343,1.1246751128191221,HYBRID(w=0.98),59.39070000022184
606,0.973411063522108,1.1176586189265434,HYBRID(w=0.98),0.0
607,0.9755217021223592,1.109346254824551,HYBRID(w=0.98),0.0
608,0.9778287322471075,1.099595106091881,HYBRID(w=0.98),0.0
609,0.9803259272322175,1.0882753271292818,HYBRID(w=0.98),0.0
610,1.8967287861155995,0.6739724908777358,HYBRID(w=0.97),85.76030000040191
611,1.8972115709901038,0.6570632688127123,HYBRID(w=0.97),0.0
612,1.8977380967888988,0.6372627188333074,HYBRID(w=0.96),0.0
613,1.8982740453621108,0.6153195317403103,HYBRID(w=0.96),0.0
614,1.8988065587675327,0.5915811001438913,HYBRID(w=0.95),0.0
615,1.9008284511852134,0.1820768469330873,HYBRID(w=0.95),57.32039999929839
616,1.9012024262180973,0.1654568291163663,HYBRID(w=0.95),0.0
617,1.901451487476631,0.15199481199292003,HYBRID(w=0.94),0.0
618,1.9015328980658321,0.14341058409730417,HYBRID(w=0.94),0.0
619,1.9017197024635746,0.13580115001009702,HYBRID(w=0.94),0.0
620,1.903641838945878,-1.1656457431647667,HYBRID(w=0.94),61.37460000172723
621,1.9039820481965744,-1.1721222499847657,HYBRID(w=0.93),0.0
622,1.9043417662391589,-1.169856947569041,HYBRID(w=0.93),0.0
623,1.904721503861933,-1.1641165370679893,HYBRID(w=0.93),0.0
624,1.9051218374576417,-1.1567693173764413,HYBRID(w=0.92),0.0
625,1.9071529301773553,-1.0029664612145848,HYBRID(w=0.92),56.88910000026226
626,1.9075891346694855,-0.9950548029063131,HYBRID(w=0.92),0.0
627,1.9080483976770115,-0.9854096554843577,HYBRID(w=0.91),0.0
628,1.9085314400721973,-0.9738853457474334,HYBRID(w=0.91),0.0
629,1.909038998636157,-0.9603378654212198,HYBRID(w=0.90),0.0
630,1.9104631211345733,0.1693707825094836,HYBRID(w=0.90),61.05060000118101
631,1.9110167316482687,0.15609627099762963,HYBRID(w=0.89),0.0
632,1.911605306370229,0.14183277752357284,HYBRID(w=0.88),0.0
633,1.9122299321381404,0.12655224166407913,HYBRID(w=0.88),0.0
634,1.9128916952875603,0.11023211786993273,HYBRID(w=0.87),0.0
635,1.9135916675127975,-0.1342109225192762,HYBRID(w=0.86),52.71300000094925
636,1.914330890939182,-0.14424501852154367,HYBRID(w=0.86),0.0
637,1.915108582766183,-0.15446929346528931,HYBRID(w=0.85),0.0
638,1.9146420487587443,-0.14392399769672187,HYBRID(w=0.85),0.0
639,1.913877573786322,-0.12915930136459458,HYBRID(w=0.86),0.0
640,1.9131515003211146,-0.06636187630113463,HYBRID(w=0.87),52.0314999994298
641,1.9124628565037474,-0.05506950181467682,HYBRID(w=0.88),0.0
642,1.9118109653868907,-0.044858836872858354,HYBRID(w=0.88),0.0
643,1.9111947590318548,-0.03563790562815708,HYBRID(w=0.89),0.0
644,1.9105786985221065,-0.026743142301045908,HYBRID(w=0.89),0.0
645,1.9099054141876834,-0.12868871841299326,HYBRID(w=0.90),79.46839999931399
646,1.9091644080395402,-0.1169995920948258,HYBRID(w=0.91),0.0
647,1.9083965688312972,-0.10524875349324739,HYBRID(w=0.92),0.0
648,1.9076202467820502,-0.09364414328690186,HYBRID(w=0.92),0.0
649,1.906848166236644,-0.08229565452175536,HYBRID(w=0.93),0.0
650,1.9061138008602723,-0.1708531157635676,HYBRID(w=0.94),52.532700003212085
651,1.9053960546739672,-0.16018415308152895,HYBRID(w=0.95),0.0
652,1.9047370083714281,-0.1505649802889266,HYBRID(w=0.95),0.0
653,1.9010169818488059,-0.14193489156740752,HYBRID(w=0.96),0.0
654,1.896160495832543,-0.13433189234271564,HYBRID(w=0.96),0.0
655,1.7633945011702181,-0.23626810790413724,HYBRID(w=0.97),54.16790000163019
656,1.760928985607038,-0.23061565586520347,HYBRID(w=0.97),0.0
657,1.7590807041691912,-0.22585114369394657,HYBRID(w=0.98),0.0
658,1.7572881037589743,-0.2233445691209494,HYBRID(w=0.98),0.0
659,1.755494630122434,-0.22193840624572303,HYBRID(w=0.98),0.0
660,1.0916558754998515,-0.30744117062844756,HYBRID(w=0.98),73.90049999958137
661,1.0922561893836809,-0.30708828144211564,HYBRID(w=0.98),0.0
662,1.0928054125768762,-0.30702526878621317,HYBRID(w=0.98),0.0
663,1.093318115004559,-0.30725171812662516,HYBRID(w=0.98),0.0
664,1.093806691434692,-0.30777458807841185,HYBRID(w=0.98),0.0
665,1.2728968997834493,-0.3769138511958294,HYBRID(w=0.98),62.8805000014836
666,1.2724813272427664,-0.37795368071686436,HYBRID(w=0.98),0.0
667,1.2719819477587004,-0.37944040129088114,HYBRID(w=0.98),0.0
668,1.2713752252563397,-0.3814266730854664,HYBRID(w=0.98),0.0
669,1.2706314308558462,-0.38398318000317555,HYBRID(w=0.98),0.0
670,1.1387562787659955,-0.46038407941267623,HYBRID(w=0.97),61.53030000132276
671,1.1387004887655803,-0.46303749227405394,HYBRID(w=0.97),0.0
672,1.138571023456446,-0.46608488886210436,HYBRID(w=0.97),0.0
673,1.1383539137313343,-0.46954830788927693,HYBRID(w=0.97),0.0
674,1.1380332942107592,-0.4734462618595778,HYBRID(w=0.97),0.0
675,1.1168844917139262,-0.5548645195471709,HYBRID(w=0.96),52.39219999930356
676,1.116529647676379,-0.5587484361636652,HYBRID(w=0.96),0.0
677,1.1160440982282611,-0.5629776893836199,HYBRID(w=0.96),0.0
678,1.115412339932293,-0.5675328260855337,HYBRID(w=0.96),0.0
679,1.114621151185156,-0.5723808987417468,HYBRID(w=0.95),0.0
680,1.0546088375914784,-0.6655270253370299,HYBRID(w=0.95),51.91669999840087
681,1.05426744668289,-0.6694788122320605,HYBRID(w=0.95),0.0
682,1.053795688454786,-0.673486099949084,HYBRID(w=0.95),0.0
683,1.0531911985437195,-0.6774532606204667,HYBRID(w=0.95),0.0
684,1.0524576717338827,-0.6812893602622216,HYBRID(w=0.94),0.0
685,1.0091137122267508,-0.7905465445286552,HYBRID(w=0.94),54.100699999253266
686,1.008719519034576,-0.7926093354040755,HYBRID(w=0.94),0.0
687,1.0082255450165822,-0.7943286431049826,HYBRID(w=0.94),0.0
688,1.0076144751494107,-0.7967103663791406,HYBRID(w=0.94),0.0
689,1.006861430682717,-0.8003376164251781,HYBRID(w=0.94),0.0
690,0.9633647203245383,-0.9384066031233149,HYBRID(w=0.94),51.32269999739947
691,0.9629809193880379,-0.9412555956694555,HYBRID(w=0.94),0.0
692,0.9624883433766279,-0.944542962318705,HYBRID(w=0.94),0.0
693,0.9618873328534477,-0.9482964565570426,HYBRID(w=0.94),0.0
694,0.9611787663038435,-0.9525439500280257,HYBRID(w=0.94),0.0
695,0.9263446785538092,-1.1055071588648238,HYBRID(w=0.93),70.22620000134339
696,0.9259657131515446,-1.1087255463133858,HYBRID(w=0.93),0.0
697,0.9254974633620243,-1.1124083170520962,HYBRID(w=0.93),0.0
698,0.9249427197136376,-1.1165756513110177,HYBRID(w=0.93),0.0
699,0.9243049229606993,-1.1212455514135502,HYBRID(w=0.93),0.0
700,0.8976773247735869,-1.2784498757865737,HYBRID(w=0.93),57.193199998437194
701,0.8973345946256935,-1.2818566539484928,HYBRID(w=0.93),0.0
702,0.8969308949432011,-1.2856924255492446,HYBRID(w=0.93),0.0
703,0.8964709807931899,-1.289958520273112,HYBRID(w=0.92),0.0
704,0.895960124518035,-1.2946514877858744,HYBRID(w=0.92),0.0
705,0.8788259826263896,-1.439656396919828,HYBRID(w=0.92),53.54739999893354
706,0.8785413014945666,-1.4429051621845688,HYBRID(w=0.92),0.0
707,0.878227800138505,-1.4464435470867885,HYBRID(w=0.92),0.0
708,0.8778908328853756,-1.4502449157008082,HYBRID(w=0.92),0.0
709,0.877535945374667,-1.4542768029228317,HYBRID(w=0.92),0.0
710,0.8688166344506776,-1.560593258312126,HYBRID(w=0.92),65.04940000013448
711,0.8686107833585797,-1.5632129940105302,HYBRID(w=0.91),0.0
712,0.8684051148707541,-1.5658695621953025,HYBRID(w=0.91),0.0
713,0.868204111951933,-1.5685109288674957,HYBRID(w=0.91),0.0
714,0.8680121534797585,-1.5710816107835806,HYBRID(w=0.91),0.0
715,0.8656056932740237,-1.6127038194776597,HYBRID(w=0.91),49.44640000030631
716,0.8654919556965661,-1.6142480890817743,HYBRID(w=0.91),0.0
717,0.8653994790272224,-1.6155212004748147,HYBRID(w=0.91),0.0
718,0.8653315031557374,-1.616463718691118,HYBRID(w=0.91),0.0
719,0.8652910907163581,-1.6170175699401796,HYBRID(w=0.90),0.0
720,0.866834052814704,-1.581824443012206,HYBRID(w=0.90),49.65749999973923
721,0.8668224470078221,-1.5821060755222613,HYBRID(w=0.90),0.0
722,0.866846872665258,-1.5818596990379579,HYBRID(w=0.90),0.0
723,0.8669102663662195,-1.5810399272749946,HYBRID(w=0.90),0.0
724,0.8670154280143408,-1.5796062183252175,HYBRID(w=0.90),0.0
725,0.8713873828609999,-1.47844527358817,HYBRID(w=0.90),53.21460000050138
726,0.8714851729039897,-1.4776408568423727,HYBRID(w=0.90),0.0
727,0.8716333442077095,-1.476178372853886,HYBRID(w=0.90),0.0
728,0.8718354911670351,-1.474035252269624,HYBRID(w=0.90),0.0
729,0.8720949866630345,-1.4711939739312059,HYBRID(w=0.89),0.0
730,0.8796779906306372,-1.3315595787827244,HYBRID(w=0.89),55.20780000006198
731,0.8798853666098584,-1.3300800428161772,HYBRID(w=0.89),0.0
732,0.8801607984287199,-1.3279366078144645,HYBRID(w=0.89),0.0
733,0.8805084038150018,-1.3251244525835495,HYBRID(w=0.89),0.0
734,0.8809318551386872,-1.3216421771106814,HYBRID(w=0.89),0.0
735,0.8926008503961766,-1.1721769400346536,HYBRID(w=0.89),61.777700000675395
736,0.8929061517752429,-1.170449839838865,HYBRID(w=0.89),0.0
737,0.8932991939463758,-1.168127261504881,HYBRID(w=0.89),0.0
738,0.8937836614671534,-1.1652130840071633,HYBRID(w=0.89),0.0
739,0.8943625948465663,-1.1617130398218523,HYBRID(w=0.89),0.0
740,0.9103502774518755,-1.0217507171700282,HYBRID(w=0.89),113.7455999996746
741,0.9107308293876502,-1.0200920155969508,HYBRID(w=0.89),0.0
742,0.9112167658773592,-1.0179327567438015,HYBRID(w=0.88),0.0
743,0.9118104083969037,-1.0152792230042582,HYBRID(w=0.88),0.0
744,0.9125133657444766,-1.0121386454887902,HYBRID(w=0.88),0.0
745,0.9320695550418739,-0.8906850010034537,HYBRID(w=0.88),108.62180000185617
746,0.9324965597044091,-0.88928380723333,HYBRID(w=0.88),0.0
747,0.9330409173893761,-0.8874767689346766,HYBRID(w=0.88),0.0
748,0.9337031227853491,-0.885269771561813,HYBRID(w=0.88),0.0
749,0.934483007355311,-0.8826692451645755,HYBRID(w=0.88),0.0
750,0.9561645105765529,-0.7819017699813536,HYBRID(w=0.88),78.62110000132816
751,0.9566079726840145,-0.7808564741185535,HYBRID(w=0.88),0.0
752,0.9571731052625334,-0.7794897981111455,HYBRID(w=0.88),0.0
753,0.9578585399303483,-0.7778065110202969,HYBRID(w=0.88),0.0
754,0.9586623515905679,-0.7758117744053367,HYBRID(w=0.88),0.0
755,0.9807661537749963,-0.6945633559506983,HYBRID(w=0.87),84.18619999793009
756,0.9811978259943162,-0.6939211102530689,HYBRID(w=0.87),0.0
757,0.9817472554477386,-0.6930300238696063,HYBRID(w=0.87),0.0
758,0.9824113929818207,-0.6918939313215651,HYBRID(w=0.87),0.0
759,0.9831867429804881,-0.6905170179158955,HYBRID(w=0.87),0.0
760,1.0041068536350979,-0.6244926949966907,HYBRID(w=0.87),76.34730000063428
761,1.0045850548556527,-0.6194896353202011,HYBRID(w=0.87),0.0
762,1.0051360790988013,-0.6145418428599506,HYBRID(w=0.88),0.0
763,1.0057491214320153,-0.6096579932712887,HYBRID(w=0.88),0.0
764,1.0064140461380013,-0.6048460870754738,HYBRID(w=0.88),0.0
765,1.0247955247485832,-0.5633760646332888,HYBRID(w=0.88),50.846899997850414
766,1.0251499912157724,-0.5593585698320519,HYBRID(w=0.89),0.0
767,1.0255553808910116,-0.5554228165549406,HYBRID(w=0.89),0.0
768,1.0260025364428451,-0.5515739013357445,HYBRID(w=0.89),0.0
769,1.0264829690627775,-0.5478165276246596,HYBRID(w=0.89),0.0
770,1.0411272078987819,-0.5292244752210639,HYBRID(w=0.90),48.91539999880479
771,1.0413718456931362,-0.5258775501827001,HYBRID(w=0.90),0.0
772,1.0416455706221286,-0.5226348397319825,HYBRID(w=0.90),0.0
773,1.0419411106220295,-0.5194992346730318,HYBRID(w=0.90),0.0
774,1.0422517874929824,-0.5164734300386029,HYBRID(w=0.90),0.0
775,1.0524674853633806,-0.5053926232367342,HYBRID(w=0.91),62.13729999944917
776,1.0526126918108636,-0.5026978378248188,HYBRID(w=0.91),0.0
777,1.052766571879433,-0.5001217231079396,HYBRID(w=0.91),0.0
778,1.0529237440085795,-0.4976661529701071,HYBRID(w=0.91),0.0
779,1.0530792897371055,-0.495332961304517,HYBRID(w=0.91),0.0
780,1.0580392435346284,-0.4939826362290908,HYBRID(w=0.91),53.49550000028103
781,1.058098979606697,-0.49187880431229036,HYBRID(w=0.92),0.0
782,1.0581489190177822,-0.4899051066306275,HYBRID(w=0.92),0.0
783,1.058185312169186,-0.48806327855651976,HYBRID(w=0.92),0.0
784,1.05820471826711,-0.4863551523753902,HYBRID(w=0.92),0.0
785,1.0574894769276615,-0.4936604129266526,HYBRID(w=0.92),53.984800000762334
786,1.0574766577594927,-0.49210879780201877,HYBRID(w=0.92),0.0
787,1.057437563505721,-0.49069830106123996,HYBRID(w=0.92),0.0
788,1.0573696763192975,-0.4894312393639138,HYBRID(w=0.92),0.0
789,1.05727063107848,-0.4883101626561151,HYBRID(w=0.93),0.0
790,1.0507137759173188,-0.5045301726348506,HYBRID(w=0.93),52.40839999896707
791,1.0506396534841047,-0.5034992191706384,HYBRID(w=0.93),0.0
792,1.0505244907076434,-0.502622117617548,HYBRID(w=0.93),0.0
793,1.0503665492488168,-0.5019023880558786,HYBRID(w=0.93),0.0
794,1.0501641044808867,-0.5013439327307693,HYBRID(w=0.93),0.0
795,1.0378944196109494,-0.5269993670086403,HYBRID(w=0.93),52.89040000207024
796,1.037767850295813,-0.526465581029991,HYBRID(w=0.93),0.0
797,1.0375868410701017,-0.5261018922382645,HYBRID(w=0.93),0.0
798,1.0373500201912673,-0.5259136227999854,HYBRID(w=0.93),0.0
799,1.0370559267616302,-0.5259066496005558,HYBRID(w=0.93),0.0
800,1.0194886708667736,-0.5620451329430098,HYBRID(w=0.93),64.8204999997688
801,1.019316277213885,-0.5619896870636533,HYBRID(w=0.93),0.0
802,1.0190772304483835,-0.5621257393928455,HYBRID(w=0.93),0.0
803,1.0187702417980893,-0.562461058149005,HYBRID(w=0.93),0.0
804,1.018393885972724,-0.5630041661117756,HYBRID(w=0.93),0.0
805,0.996244055339423,-0.6111427657978363,HYBRID(w=0.93),61.70819999897503
806,0.9960309531300298,-0.6115492114544835,HYBRID(w=0.93),0.0
807,0.9957403952566424,-0.6121755330610763,HYBRID(w=0.93),0.0
808,0.9953710980776613,-0.6130326458414498,HYBRID(w=0.93),0.0
809,0.994921664088466,-0.6141324245212899,HYBRID(w=0.93),0.0
810,0.9692154143008688,-0.6762349770481756,HYBRID(w=0.93),60.55669999841484
811,0.9689665331256057,-0.6770880810767672,HYBRID(w=0.93),0.0
812,0.9686316046532095,-0.6781982985114118,HYBRID(w=0.93),0.0
813,0.968209518974424,-0.6795802919833877,HYBRID(w=0.93),0.0
814,0.9676991483022351,-0.6812498235000767,HYBRID(w=0.93),0.0
815,0.9397858743908121,-0.7595571193191255,HYBRID(w=0.93),51.99390000052517
816,0.9395076973169931,-0.7608422036998839,HYBRID(w=0.93),0.0
817,0.9391385234778827,-0.7624313738827292,HYBRID(w=0.93),0.0
818,0.9386778175285881,-0.7643431194243604,HYBRID(w=0.93),0.0
819,0.9381251837887656,-0.7665969698672772,HYBRID(w=0.93),0.0
820,0.9096768055175083,-0.8631878907745092,HYBRID(w=0.93),49.191799997061025
821,0.9093792678594556,-0.8648866659112541,HYBRID(w=0.93),0.0
822,0.908991368439043,-0.86694376361746,HYBRID(w=0.93),0.0
823,0.9085136970600527,-0.8693803204742263,HYBRID(w=0.93),0.0
824,0.9079471722064717,-0.8722180456716331,HYBRID(w=0.93),0.0
825,0.8809209217122761,-0.9880626948950952,HYBRID(w=0.93),80.58629999868572
826,0.8806190427295993,-0.9901393102112612,HYBRID(w=0.93),0.0
827,0.8802350965683806,-0.9926262209067137,HYBRID(w=0.93),0.0
828,0.8797713315721485,-0.9955437251308518,HYBRID(w=0.93),0.0
829,0.8792304920570113,-0.9989115677412671,HYBRID(w=0.92),0.0
830,0.8557514597696735,-1.1321229184987789,HYBRID(w=0.92),65.85769999946933
831,0.8554660586905695,-1.1344938949559737,HYBRID(w=0.92),0.0
832,0.8551160042837753,-1.1373038139030214,HYBRID(w=0.92),0.0
833,0.8547054609424477,-1.140565394801425,HYBRID(w=0.92),0.0
834,0.8542391593497726,-1.1442889259634357,HYBRID(w=0.92),0.0
835,0.8363462132764989,-1.2874435930858907,HYBRID(w=0.92),68.9301999991585
836,0.8361028652951106,-1.2899314543309623,HYBRID(w=0.92),0.0
837,0.8358211333449241,-1.292829337150609,HYBRID(w=0.92),0.0
838,0.8355067941288324,-1.29613298824462,HYBRID(w=0.92),0.0
839,0.8351660948785482,-1.299833633496532,HYBRID(w=0.92),0.0
840,0.8243975001791034,-1.4370839912607867,HYBRID(w=0.92),65.37550000211922
841,0.8242231928279793,-1.4393753814427597,HYBRID(w=0.92),0.0
842,0.824042686095034,-1.4419529897936691,HYBRID(w=0.92),0.0
843,0.8238624222323935,-1.4447880776100126,HYBRID(w=0.91),0.0
844,0.8236890587134355,-1.4478466521391915,HYBRID(w=0.91),0.0
845,0.8206279472513051,-1.5544190665838427,HYBRID(w=0.91),58.090700000320794
846,0.8205463511635157,-1.556083667246979,HYBRID(w=0.91),0.0
847,0.8204915290885456,-1.5578052868532957,HYBRID(w=0.91),0.0
848,0.8204694371195385,-1.559533319179363,HYBRID(w=0.91),0.0
849,0.8204859629390099,-1.56121417937497,HYBRID(w=0.91),0.0
850,0.8246242655950363,-1.6093880379313394,HYBRID(w=0.91),56.2513000004401
851,0.8246524652182416,-1.610018632089343,HYBRID(w=0.91),0.0
852,0.824736791275327,-1.6104211310284429,HYBRID(w=0.91),0.0
853,0.8248821889640261,-1.6105394734677443,HYBRID(w=0.91),0.0
854,0.8250933706083199,-1.6103191133070474,HYBRID(w=0.91),0.0
855,0.8353897884671555,-1.5826546743758925,HYBRID(w=0.91),55.47379999916302
856,0.8355383722271437,-1.5820843152309993,HYBRID(w=0.91),0.0
857,0.8357684288356956,-1.5810419233484767,HYBRID(w=0.91),0.0
858,0.836084290380477,-1.579485794904352,HYBRID(w=0.91),0.0
859,0.8364899831050818,-1.577379001627493,HYBRID(w=0.91),0.0
860,0.8523736564294467,-1.4783966747443698,HYBRID(w=0.91),55.293800000072224
861,0.8526473713122541,-1.476806185582582,HYBRID(w=0.91),0.0
862,0.8530269961023748,-1.4746154382167607,HYBRID(w=0.90),0.0
863,0.8535167936371395,-1.471804898229404,HYBRID(w=0.90),0.0
864,0.8541206075142186,-1.4683598421352364,HYBRID(w=0.90),0.0
865,0.8759538529465983,-1.322389026090829,HYBRID(w=0.90),65.80570000005537
866,0.8763494600189455,-1.3201885833793985,HYBRID(w=0.90),0.0
867,0.8768768667402771,-1.3173770719637432,HYBRID(w=0.90),0.0
868,0.8775401610701048,-1.3139512264749058,HYBRID(w=0.90),0.0
869,0.8783428630997474,-1.3099107883364511,HYBRID(w=0.90),0.0
870,0.906830470782976,-1.1464994168712832,HYBRID(w=0.90),60.752199999114964
871,0.9073346169539118,-1.1441133277151632,HYBRID(w=0.90),0.0
872,0.907997063535424,-1.1411756640468396,HYBRID(w=0.90),0.0
873,0.9088211471226542,-1.1376896463853865,HYBRID(w=0.90),0.0
874,0.9098095736134356,-1.1336598234773216,HYBRID(w=0.90),0.0
875,0.9450846723651808,-0.974785797095946,HYBRID(w=0.90),53.788200002600206
876,0.9456759208934478,-0.9725231168790035,HYBRID(w=0.90),0.0
877,0.9464499362092831,-0.969791485884588,HYBRID(w=0.90),0.0
878,0.9474088916760031,-0.9665939986100266,HYBRID(w=0.90),0.0
879,0.9485544137697945,-0.962934146705447,HYBRID(w=0.90),0.0
880,0.9898058337734704,-0.8198204665571451,HYBRID(w=0.90),69.31210000038845
881,0.9904597401669605,-0.8178625010069055,HYBRID(w=0.90),0.0
882,0.9913167078544991,-0.8155146973945524,HYBRID(w=0.90),0.0
883,0.9923778036574404,-0.8127772510399444,HYBRID(w=0.90),0.0
884,0.993643738009577,-0.8096503541462629,HYBRID(w=0.90),0.0
885,1.039320752063305,-0.6856419709643439,HYBRID(w=0.90),58.652100000472274
886,1.0400145522963895,-0.6840829025833227,HYBRID(w=0.90),0.0
887,1.0409267923768422,-0.6821996584989864,HYBRID(w=0.90),0.0
888,1.0420578517610541,-0.6799889006394444,HYBRID(w=0.90),0.0
889,1.0434079720243934,-0.6774471224109506,HYBRID(w=0.90),0.0
890,1.0916086237407663,-0.5717044286995664,HYBRID(w=0.90),53.63280000165105
891,1.0923237950092533,-0.5705935375765937,HYBRID(w=0.90),0.0
892,1.093268147215654,-0.569208832321091,HYBRID(w=0.90),0.0
893,1.0944418974644656,-0.5675435723061402,HYBRID(w=0.90),0.0
894,1.0958453035568465,-0.5655907578732359,HYBRID(w=0.89),0.0
895,1.1446260091045066,-0.47556952635663235,HYBRID(w=0.89),58.03549999836832
896,1.1453487296842644,-0.4749382181496824,HYBRID(w=0.89),0.0
897,1.146307302738095,-0.47406897142460314,HYBRID(w=0.89),0.0
898,1.1475021837719672,-0.4729518774914247,HYBRID(w=0.89),0.0
899,1.148933963953737,-0.4715766913844156,HYBRID(w=0.89),0.0
900,1.1964862446919546,-0.3943152495390898,HYBRID(w=0.89),52.73269999815966
901,1.197206372532254,-0.3941899916503106,HYBRID(w=0.89),0.0
902,1.1981652075538598,-0.3938492869938145,HYBRID(w=0.89),0.0
903,1.1993635652393182,-0.39328014186057275,HYBRID(w=0.88),0.0
904,1.2008023849710465,-0.3924691420717066,HYBRID(w=0.88),0.0
905,1.2455327058099506,-0.3251538031855795,HYBRID(w=0.88),52.94479999793111
906,1.2462418374862336,-0.3255599728298111,HYBRID(w=0.88),0.0
907,1.2471882733211868,-0.3257602785207327,HYBRID(w=0.88),0.0
908,1.248372943966157,-0.3257384744620634,HYBRID(w=0.88),0.0
909,1.2497967766925584,-0.32547779796923426,HYBRID(w=0.87),0.0
910,1.2903545551862192,-0.265647213770304,HYBRID(w=0.87),55.14930000208551
911,1.291043515091064,-0.2666074669735086,HYBRID(w=0.87),0.0
912,1.291967043520215,-0.2643953415371849,HYBRID(w=0.87),0.0
913,1.293055306569555,-0.25981863494888496,HYBRID(w=0.87),0.0
914,1.2942701190437909,-0.2553447626149168,HYBRID(w=0.87),0.0
915,1.3300675446017063,-0.20087547415074025,HYBRID(w=0.88),48.90240000167978
916,1.330663588533804,-0.19760253888705143,HYBRID(w=0.88),0.0
917,1.3313897823109868,-0.19440652031094555,HYBRID(w=0.88),0.0
918,1.3322310635627606,-0.19128238955507393,HYBRID(w=0.88),0.0
919,1.333174270573166,-0.188224916022917,HYBRID(w=0.88),0.0
920,1.36335778026431,-0.1568504171045063,HYBRID(w=0.89),104.00339999978314
921,1.3638012596309783,-0.15446391540036408,HYBRID(w=0.89),0.0
922,1.3643433197472719,-0.1521322893851857,HYBRID(w=0.89),0.0
923,1.3649727950448518,-0.1498496568393219,HYBRID(w=0.89),0.0
924,1.3656798469098457,-0.14760972962641228,HYBRID(w=0.89),0.0
925,1.3894319838263813,-0.11456307882626515,HYBRID(w=0.89),54.120700002386
926,1.389745710599739,-0.11301204920776102,HYBRID(w=0.89),0.0
927,1.390127262680939,-0.11149181979360712,HYBRID(w=0.89),0.0
928,1.3905680448222437,-0.10999526708217391,HYBRID(w=0.89),0.0
929,1.3910602329508635,-0.10851463348339967,HYBRID(w=0.89),0.0
930,1.4076957466993418,-0.07575522417857752,HYBRID(w=0.89),88.78639999966254
931,1.4078936553341779,-0.07494687692402979,HYBRID(w=0.89),0.0
932,1.4081272379372154,-0.07414256126647459,HYBRID(w=0.89),0.0
933,1.4083889539425263,-0.07333312186629595,HYBRID(w=0.89),0.0
934,1.4086715121794429,-0.0725085232798164,HYBRID(w=0.89),0.0
935,1.4176988702512463,-0.03872476873325626,HYBRID(w=0.89),61.82710000211955
936,1.4177855271899933,-0.03858857557017622,HYBRID(w=0.89),0.0
937,1.417871423620909,-0.038424596153119814,HYBRID(w=0.89),0.0
938,1.4179485047762794,-0.03822073557179193,HYBRID(w=0.89),0.0
939,1.4180084942955467,-0.03796375563657968,HYBRID(w=0.89),0.0
940,1.4191687949708578,-0.0026597253278553834,HYBRID(w=0.89),53.33569999856991
941,1.4191380466943053,-0.0031244127693644125,HYBRID(w=0.88),0.0
942,1.4190626661927592,-0.003521522330765095,HYBRID(w=0.88),0.0
943,1.4189325924741605,-0.003834940957710975,HYBRID(w=0.88),0.0
944,1.4187371541132616,-0.004047131688932545,HYBRID(w=0.88),0.0
945,1.4119844671240809,0.03338459732429819,HYBRID(w=0.88),63.40710000222316
946,1.411818876704435,0.03239594926469662,HYBRID(w=0.87),0.0
947,1.4115542244523622,0.031526295464975235,HYBRID(w=0.87),0.0
948,1.411177198479668,0.030797003772071105,HYBRID(w=0.87),0.0
949,1.4106736203791403,0.03023113953329047,HYBRID(w=0.87),0.0
950,1.3961747953894796,0.07031778745205619,HYBRID(w=0.86),68.09229999998934
951,1.395845334244223,0.06889873572725741,HYBRID(w=0.86),0.0
952,1.395349130586436,0.06766622197105815,HYBRID(w=0.86),0.0
953,1.394668847792681,0.06664815468750225,HYBRID(w=0.85),0.0
954,1.3937862325344208,0.06587433940874819,HYBRID(w=0.85),0.0
955,1.3719117426339977,0.10911525277737534,HYBRID(w=0.85),58.954199997970136
956,1.3713780941900835,0.10738813343076657,HYBRID(w=0.84),0.0
957,1.3705950049421893,0.10593615905798383,HYBRID(w=0.84),0.0
958,1.3695410904435812,0.10479485335242526,HYBRID(w=0.83),0.0
959,1.3681942909095874,0.10400165611017506,HYBRID(w=0.83),0.0
960,1.3395068385835702,0.1508600327666264,HYBRID(w=0.82),53.503499999351334
961,1.338718624230952,0.14898878456439263,HYBRID(w=0.82),0.0
962,1.3375830174733758,0.14750691340948885,HYBRID(w=0.81),0.0
963,1.3360756079436933,0.14645806144149293,HYBRID(w=0.81),0.0
964,1.3341719111568349,0.14588750387065735,HYBRID(w=0.80),0.0
965,1.2994080825466328,0.19679757261476322,HYBRID(w=0.80),62.55230000169831
966,1.2983075454495254,0.19499802518400214,HYBRID(w=0.79),0.0
967,1.2967483159767113,0.19373098254415028,HYBRID(w=0.79),0.0
968,1.2947052398786405,0.19304778371940962,HYBRID(w=0.78),0.0
969,1.292154055538634,0.1930007199096352,HYBRID(w=0.78),0.0
970,1.2521987663949194,0.2483866857692034,HYBRID(w=0.77),58.21439999999711
971,1.250725431507821,0.24693154095091557,HYBRID(w=0.77),0.0
972,1.2486732368746107,0.24618229960225455,HYBRID(w=0.76),0.0
973,1.2460198418402664,0.2461964299339185,HYBRID(w=0.75),0.0
974,1.2427450312869734,0.24703124917800337,HYBRID(w=0.75),0.0
975,1.198599533652477,0.3073482896708989,HYBRID(w=0.74),60.19620000006398
976,1.196697178869075,0.3065652859478869,HYBRID(w=0.73),0.0
977,1.1940940515764809,0.30669132943667543,HYBRID(w=0.73),0.0
978,1.190775178197378,0.30778728897899327,HYBRID(w=0.72),0.0
979,1.186728992348205,0.3099124265778332,HYBRID(w=0.72),0.0
980,1.139476188402367,0.37570518443632916,HYBRID(w=0.71),51.688700001250254
981,1.1371020856753922,0.3759687924459444,HYBRID(w=0.70),0.0
982,1.1339128973126853,0.3773723834953807,HYBRID(w=0.70),0.0
983,1.1299059832810272,0.37997645762099,HYBRID(w=0.69),0.0
984,1.1250831424519574,0.3838382345094849,HYBRID(w=0.68),0.0
985,1.0758563860319734,0.45579591981124495,HYBRID(w=0.68),52.0245999978215
986,1.0729923176554734,0.45751369452983504,HYBRID(w=0.67),0.0
987,1.069217175719026,0.4606269284267225,HYBRID(w=0.66),0.0
988,1.0645452529945791,0.4651909268170968,HYBRID(w=0.66),0.0
989,1.059229315295043,0.4756314051809136,HYBRID(w=0.66),0.0
990,1.00869486890324,0.5589663689605315,HYBRID(w=0.66),51.610900001833215
991,1.005465746646041,0.5662289621425008,HYBRID(w=0.66),0.0
992,1.0014308785539745,0.5745258087795541,HYBRID(w=0.66),0.0
993,0.9966492529191404,0.5838629984526871,HYBRID(w=0.66),0.0
994,0.9911768851503122,0.5942470255815454,HYBRID(w=0.66),0.0
995,0.9389517695898384,0.6748877026348312,HYBRID(w=0.66),54.33149999953457
996,0.9356944667790048,0.6760217069586725,HYBRID(w=0.66),0.0
997,0.9316377342779651,0.6546229165448921,HYBRID(w=0.66),0.0
998,0.9280881892816375,0.6098721722083497,HYBRID(w=0.66),0.0
